apples,123,apples@email.com,
test,test,test@email.com,
happy,123,happy@email.com,
man1,123,man@email.com,
mloman,marcus123,marcusloman@yahoo.com,
pincode,xcYeVmqf,chunter00@webmd.com
spammer,Sgqqy2gh,ctaylor01@toplist.cz
lists,mN9hxdep,lray000002@dailymotion.com
guess,r38vzvDn,relliott03@redcross.org
iknow,6Ev35kkG,mbarnes04@shop-pro.jp
bots,R4ppquxP,tharris5@hibu.com
headlines,AGBdv5Nd,mshaw6@devhub.com
qa,CpHQcgRu,aruiz7@japanpost.jp
twtr,T5Ub4x2a,clewis8@501.la
xmas,FnZTSZRa,tfisher9@blogtalkradio.com
pricecheck,ArZsqheV,jlopeza@boston.com
cds,dqLJR3Hm,pwagnerb@trellian.com
dvds,bm3NsP29,phallc@nasa.gov
dvd,n225KhMR,pgardnerd@rediff.com
book,Z7VpSnQu,cbakere@aol.com
movie,3XhxmFTQ,mboydf@topsy.com
night,MTUT66XJ,fmorrisg@comsenz.com
loan,jSmNTvpq,dcoxh@instagram.com
ilove,3XrXcVcD,shalli@microsoft.com
ihate,r7GqXmVR,jjenkinsj@aol.com
site,XjCxHzDu,kpaynek@army.mil
career,zgdHQShj,bfloresl@simplemachines.org
jobid,7RTM5Dz5,kbishopm@wix.com
swap,WbFUDJpY,alanen@amazon.com
keyword,gwvwEf4X,gharpero@adobe.com
website,vMj4nHM5,jphillipsp@gnu.org
lonely,kXA4gXVb,bsandersq@e-recht00000204.de
livechat,eTy8H6mc,phuntr@theguardian.com
emailme,Y4xpKGan,shalls@usnews.com
alert,BJY9YzXU,rschmidtt@miibeian.gov.cn
notify,gZPrXYEA,cellisu@ehow.com
alertme,C9Xrpj32,spaynev@deliciousdays.com
notifyme,fGxM7D5e,arussellw@who.int
url,z2EQHYQs,sjohnsonx@jigsy.com
isbn,XCwfkxHq,phansony@auda.org.au
top10,EDQDaEW7,nwhitez@mtv.com
upc,FgEfRT8e,aortiz0100@techcrunch.com
sku,AHvepwwP,bmorrison0101@phpbb.com
buy,8CWjpcwX,dlane01000002@va.gov
sell,BWVrYj4r,jgreene0103@meetup.com
want,E9WH6ZHX,larnold0104@domainmarket.com
shop,CLCw5n82,agutierrez015@census.gov
rent,j3kBpQn9,hcooper016@cnn.com
gas,j7JsxLn9,mlong017@google.com
define,cj6cn6BX,rwillis018@linkedin.com
yp,WczVwxNE,scarr019@mashable.com
birthday,YMqVdSSV,amarshall01a@shutterfly.com
profile,S2CWR9AR,cwhite01b@sciencedaily.com
crush,trpCADLM,aray01c@youtube.com
befriend,NWqVFvQc,lreynolds01d@oaic.gov.au
computer,7UmAjAvy,jwest01e@soundcloud.com
quick,LdUEhZsY,brichardson01f@ebay.com
replyall,wybsxe2c,drussell01g@timesonline.co.uk
reminder,jHSfcVKL,amartinez01h@cam.ac.uk
tech,neEJEHxr,spierce01i@spiegel.de
singles,4a35Tg3q,tbennett01j@prlog.org
photos,Fn8KfTW2,rhawkins01k@fema.gov
auction,YveNmJtN,bsanchez01l@ovh.net
txt,rNmLWzCR,mgreen01m@free.fr
polls,uAbZkXWS,sstanley01n@goodreads.com
poll,xMhTWuGd,lvasquez01o@microsoft.com
autos,eSQCCFd2,mbarnes01p@fema.gov
goog,PSMhdtrS,afisher01q@mapy.cz
msft,vBpCcLDr,pgonzales01r@cornell.edu
amzn,ypthcyxN,hdavis01s@cdc.gov
yhoo,3pgVtJjL,manderson01t@home.pl
stocks,eq46SDNf,rscott01u@vkontakte.ru
now,wQd2grsa,rwhite01v@is.gd
web,VndV4VuK,ebennett01w@blogs.com
resumes,jZFF3aLt,jfranklin01x@hao0100000203.com
concerts,jJpTwHvJ,acoleman01y@chronoengine.com
opinions,BDTLpWpx,lbradley01z@vinaora.com
discussions,kdnENFTN,llopez00000200@tinyurl.com
events,sWFJMZWD,jgraham00000201@elegantthemes.com
ideas,V8mmGPjX,kbell000002000002@narod.ru
fyi,FawMfpjH,afreeman00000203@apple.com
recipes,sEzJhpBP,iaustin00000204@mail.ru
offers,EPKL3LQg,chenderson0000025@printfriendly.com
whois,EnmX66Ah,kray0000026@oakley.com
add,UEehCymc,pwoods0000027@sphinn.com
map,6pkcKydW,ethompson0000028@skyrock.com
maps,4RUSxH6Y,rfrazier0000029@lulu.com
weatherin,ZevQCLNj,jgomez000002a@furl.net
411,gecSAxHX,whart000002b@zimbio.com
address,dtYBvMXG,mgarrett000002c@forbes.com
game,ZKLR6NYw,amarshall000002d@businessweek.com
save,EtfVt3aZ,ssims000002e@home.pl
note,VVxjQwBb,swilliamson000002f@noaa.gov
later,jPzvdhDm,kwallace000002g@slideshare.net
send,63YutkMe,lmitchell000002h@dagondesign.com
shout,fye3JvUY,dkennedy000002i@house.gov
listen,j2fhTD6J,agonzales000002j@soup.io
view,mBXwWnuq,tcollins000002k@theguardian.com
watch,ytvUg9TV,rwashington000002l@reference.com
channel,J2TvUFGq,sgarza000002m@tuttocitta.it
dvr,kWgkqPFA,mhenry000002n@foxnews.com
record,YvxN9X4u,tcarroll000002o@trellian.com
webcams,zP6W92Zd,nmason000002p@oaic.gov.au
command,K6gywGwk,afowler000002q@ed.gov
subscribe,CwSSeq8W,jramos000002r@wix.com
unsubscribe,nbJMb6UF,bporter00@bloglines.com
sub,9XPmLujp,rsimmons01@mlb.com
unsub,B5CcjDgW,frichards000002@fema.gov
new,eydZqZeV,jchavez03@sakura.ne.jp
directions,pz3prCTv,rgreen04@omniture.com
price,nfjDAKwh,wcruz5@youtube.com
what,Hk2qWfYx,bdean6@usnews.com
when,RacRYtwF,shenderson7@alexa.com
where,hjtJ3LCE,joliver8@mozilla.com
how,zTbbptvL,fgilbert9@geocities.jp
tour,Ez7p9hyP,kwatsona@shop-pro.jp
who,cy86zW6G,mchavezb@a8.net
live,HTJbKzLr,dwardc@princeton.edu
sorry,rDaZQJde,bchavezd@addtoany.com
pic,Am6kJcqE,pcolee@bigcartel.com
vid,DfAKnQv4,mduncanf@discuz.net
image,eZFuUJVq,gpowellg@github.com
support,yNwAevW2,rcarterh@mashable.com
addme,V4xE68Mc,drileyi@phpbb.com
gimme,e3ety9Pt,rbarnesj@biblegateway.com
give,3qGL98mT,lstewartk@disqus.com
gift,rBvGm4PA,jdanielsl@tiny.cc
wishlist,UZ65Y5Nj,mschmidtm@themeforest.net
hear,vFawnu9k,rrichardsn@jalbum.net
text,kCadDtZK,pkingo@irs.gov
user,2fNtZBXH,gjonesp@zimbio.com
stat,ev7t8U2M,sarmstrongq@virginia.edu
recommend,9bTVnV6L,hhendersonr@aol.com
group,KW7UPGLL,efloress@mac.com
mail,sAUHC3hr,rstephenst@liveinternet.ru
forums,SWfPaLp9,rmurphyu@bizjournals.com
im,fw75ARxh,lcookv@ft.com
rate,3dBx3nns,awalkerw@elegantthemes.com
addto,BFqwQW3u,crichardsx@ftc.gov
reply,xd277mX4,jbelly@com.com
fwd,B9u35GHX,asullivanz@wired.com
forward,CjGUWSjY,cmoore0100@cbsnews.com
track,L9Cwuu3y,kburton0101@cnbc.com
on,TV4j3gZ8,jmurray01000002@ucoz.ru
off,u3L7Pgmn,vcarroll0103@woothemes.com
online,x9K7Uprw,mstevens0104@w03.org
offline,FkZsWrhd,scooper015@mashable.com
fax,raNucy8E,smason016@symantec.com
dial,DBbdAumS,hroberts017@discuz.net
upload,x9N8HdfZ,slee018@tuttocitta.it
download,3uhxZHgy,pdaniels019@bravesites.com
up,VN9eqZV3,vcarr01a@livejournal.com
down,A3RfARHz,pmoreno01b@ning.com
in,gxTvn5ed,jjohnson01c@walmart.com
phonebook,zpfLx5wN,wlawrence01d@wisc.edu
more,k7jZeWvw,smorgan01e@columbia.edu
mp3s,EHCzqyH6,dknight01f@unblog.fr
mp3,NhHgVKSV,kstone01g@home.pl
venue,RXsuMbNq,lhill01h@nba.com
technews,5Q3LLnVC,rreyes01i@cisco.com
hotels,bHYchPnq,pcollins01j@devhub.com
hotel,DJ6NAt4Z,efreeman01k@scribd.com
visit,Zxfwyggy,rhernandez01l@foxnews.com
visited,vVgxygAR,asanchez01m@networksolutions.com
ate,VCgZ74kD,jperkins01n@wufoo.com
left,yB4XnnQL,dcarter01o@businessinsider.com
restaurants,Lk62khtC,cfisher01p@baidu.com
restaurant,znUwgQfc,landerson01q@booking.com
grab,4H4SDvte,mmedina01r@google.com.au
lines,AubhX93X,dallen01s@goodreads.com
gametime,FTw6rZxQ,fgordon01t@comcast.net
gametimes,TtpHFc6L,tferguson01u@smugmug.com
meet,ytggZYFy,gbrooks01v@cornell.edu
updates,qumscXUm,bfranklin01w@weather.com
stock,vTq3v328,arichardson01x@icq.com
forecast,cXbw7eNa,jmoore01y@blinklist.com
pay,c3PDecMr,swheeler01z@blogs.com
receive,Z3ZayD52,mwhite00000200@goodreads.com
ass,u6vfpp5u,jwilliamson00000201@mozilla.com
score,2XdR7CQh,ewhite000002000002@soup.io
fanclub,mDgsjWgX,dlittle00000203@mtv.com
myhoroscope,9jCEmXNp,ejones00000204@blinklist.com
movietime,MuL27sDQ,jnguyen0000025@comcast.net
boxing,KP8TU6gF,rolson0000026@blogs.com
ncaaw,EebwCKtP,tshaw0000027@bloomberg.com
ncaaf,Z8tJ38Df,tschmidt0000028@mozilla.org
ncaab,NTzhYB6C,mchavez0000029@amazon.de
ncaa,nvv7k5Qg,melliott000002a@studiopress.com
nfl,brQ7v6mm,dromero000002b@arizona.edu
nhl,ek9L5FxL,bbutler000002c@mail.ru
nba,QSXZPZvu,dcunningham000002d@trellian.com
nascar,HQyV5Hyt,dholmes000002e@liveinternet.ru
mlb,5zUWj52G,sdean000002f@nifty.com
nit,QF6jCrML,pgilbert000002g@java.com
acc,QUNJqgNV,aramos000002h@cyberchimps.com
a10,ennk7ExG,cchavez000002i@people.com.cn
big10,BUhQvQJm,kmiller000002j@odnoklassniki.ru
big12,EgYZzrtz,choward000002k@blogger.com
caa,mx4xRPHB,alittle000002l@gnu.org
cusa,MpXYacfc,phayes000002m@ucoz.ru
maac,enLVKAwA,wgordon000002n@cloudflare.com
pac10,qyh8DUqU,chall000002o@nytimes.com
sec,CcrJuG4L,lwalker000002p@myspace.com
wac,uEcJWNS4,amarshall000002q@reddit.com
BigEast,p5G5DWUQ,ewright000002r@un.org
ConferenceUSA,UcyhSPjG,tjames00@pagesperso-orange.fr
IAIndependents,F9T3ZF2q,agordon01@hud.gov
Mid-American,9F48pW7f,knguyen000002@04shared.com
MountainWest,VyjSj2Cs,jjackson03@nationalgeographic.com
Pacific10,nV4Xu7SZ,mperkins04@ibm.com
SunBelt,yENKBPSJ,mwilliams5@privacy.gov.au
nbadraft,T4YpQTjZ,dhudson6@businessweek.com
nhldraft,jaG9wenb,hmason7@hatena.ne.jp
nfldraft,W9dpGw2Q,mparker8@hao0100000203.com
mlbdraft,wfXXhVJs,wcarpenter9@uol.com.br
ALABAMA,pZkFqu6d,mstonea@economist.com
AMERICANSAMOA,xCwRNLhU,jjonesb@dell.com
ARIZONA,tNSkVK9n,jleec@feedburner.com
DELAWARE,zmUSTkhb,jedwardsd@yellowbook.com
DISTRICTOFCOLUMBIA,AQzHNLAy,adanielse@merriam-webster.com
FDRATEDSTMICRO,BFcGq6DD,abennettf@nih.gov
KANSAS,hUWK2w8P,rgarrettg@nyu.edu
KENTUCKY,MpCHrkdw,hlarsonh@sohu.com
LOUISIANA,t2HEv7Cp,sfieldsi@wufoo.com
MAINE,bgsqjsE3,rharveyj@npr.org
MARSHALLISLANDS,P95FR6An,pturnerk@weebly.com
MASSACHUSETTS,8p34vqgT,ageorgel@comcast.net
NEWMEXICO,8UtWvnc5,mburtonm@nbcnews.com
PALAU,3y7tNrKB,dmasonn@technorati.com
PUERTORICO,4H2pfkyw,lelliso@sciencedirect.com
SOUTHCAROLINA,R3x3eqC6,tandersonp@nyu.edu
SOUTHDAKOTA,cUaJWS9Y,tburkeq@purevolume.com
VERMONT,UHXpzh7u,sbrooksr@slate.com
BostonCollege,zcBSpbVw,jgonzaless@hexun.com
Nebraska,gq6sCJHg,etorrest@hexun.com
Michigan,vZVdUEWg,dsandersu@photobucket.com
MichiganState,5yxH5Kev,bhansonv@networksolutions.com
FloridaInt,dazzGGPb,jrobertsw@slideshare.net
LaLafayette,L3HJwumZ,jfoxx@artisteer.com
LaMonroe,NkqBfpTL,khenryy@usgs.gov
MidTennState,8hxxVYH8,fgilbertz@freewebs.com
MidTennSt,SNVFnDJu,vgibson0100@w03.org
LouisianaTech,cbJYfP4P,acollins0101@pen.io
acc,hPR6dumd,jlawson01000002@multiply.com
a10,Z2SAZPdL,gcox0103@un.org
bigten,CwfydJrs,sgibson0104@cbc.ca
bigtwelve,8WWTPAyN,jcastillo015@sohu.com
big10,ycxaeYws,jcarpenter016@domainmarket.com
big12,ZVZAsdZn,dallen017@discovery.com
caa,FxCTcnKE,djackson018@ox.ac.uk
cusa,tQ3fjD2C,aperry019@cdbaby.com
maac,VJ2bPu9V,mfreeman01a@bluehost.com
pac10,j2F4sBBC,jwatkins01b@bravesites.com
sec,sgmmwHf7,hgilbert01c@hc03600.com
wac,rKGhAhwh,crodriguez01d@admin.ch
Army,nfY9vXCZ,ajohnston01e@howstuffworks.com
bostoncollege,HJKNnaFK,rhunter01f@nyu.edu
Colorado,aK9vas3u,kharris01g@java.com
Connecticut,LCTEaCvy,aross01h@netscape.com
Illinios,jtmBeMcK,pgarcia01i@princeton.edu
Iowa,xcS3CZhY,ggrant01j@umich.edu
Kansas,sKwUJqJp,swoods01k@noaa.gov
Maryland,qjRd5ZDA,gdixon01l@wikia.com
Michigan,nhBFbU8a,cmartin01m@imageshack.us
Minnesota,rSRWTArj,breynolds01n@walmart.com
Missouri,uWdnCqUZ,coliver01o@jiathis.com
Nebraska,T3uGuLqF,vhansen01p@cam.ac.uk
NorthCarolina,9mWvgXA5,gjordan01q@smh.com.au
Oaklahoma,qdR2mfAC,dmiller01r@hostgator.com
WestVirginia,P8JS5hcx,sholmes01s@pen.io
Wisconsin,CPkE2W7T,kray01t@reddit.com
Chicago,62s8krFC,jthompson01u@spiegel.de
Houston,VTDnu4ar,whunter01v@typepad.com
Philadelphia,RRrA9uGW,blewis01w@independent.co.uk
SanDiego,GbqA9rhB,mfernandez01x@washington.edu
SanAntonio,XcjHkXre,pbrown01y@economist.com
Detroit,EJT6gxpQ,lgordon01z@businesswire.com
Jacksonville,awyhgttb,pgutierrez00000200@fda.gov
Columbus,txFmh2az,awillis00000201@wix.com
Memphis,ttHCG8Aj,palexander000002000002@whitehouse.gov
FortWorth,jNmdrmVX,pjohnston00000203@yahoo.com
ElPaso,JwK9BwDs,ajordan00000204@fc000002.com
Boston,U2FQqZSG,egreen0000025@nih.gov
Milwaukee,zbPHMgC8,scox0000026@salon.com
Seattle,A3wru9fL,charrison0000027@blogspot.com
Louisville,SwjWZgVE,kford0000028@ycombinator.com
Nashville,gZ7bDMFY,sreyes0000029@linkedin.com
LasVegas,QVVcRYvV,rcampbell000002a@etsy.com
Portland,EG9XeVrB,ngardner000002b@zdnet.com
OklahomaCity,ZmdGkZZS,dberry000002c@tripod.com
Tucson,vqcbkdPk,jcox000002d@umich.edu
Albuquerque,FgY7dwdQ,smurphy000002e@nymag.com
Atlanta,BW8keRwg,lgarza000002f@cmu.edu
LongBeach,BBUKWCa5,lblack000002g@privacy.gov.au
Fresno,4WCvEEf7,dphillips000002h@nydailynews.com
vegas,JVxzA8Wy,gkelly000002i@imageshack.us
NewOrleans,rJaBMvuN,tthompson000002j@msn.com
Cleveland,DBJ3YD5P,jchapman000002k@sbwire.com
VirginiaBeach,aFnJ4x4a,jhamilton000002l@whitehouse.gov
Omaha,vGyRen6Y,bbradley000002m@shinystat.com
Oakland,bLu343m5,sfuller000002n@lycos.com
Tulsa,yyqKA2pn,lkennedy000002o@cnet.com
Honolulu,prC7ZAEj,hkennedy000002p@yale.edu
Minneapolis,hjeZFRze,jwatson000002q@joomla.org
ColoradoSprings,Ewpy4CqS,jadams000002r@exblog.jp
Arlington,G9dwNNRh,spayne00@google.es
Wichita,EWmtX6xA,grice01@wunderground.com
StLouis,TSV8qn3J,jwells000002@discuz.net
Raleigh,2gJTqAWc,jbutler03@sciencedaily.com
SantaAna,AyWjQZbB,fgeorge04@princeton.edu
Anaheim,G3BFv6qk,arussell5@biblegateway.com
Cincinnati,CvheKtms,dfowler6@clickbank.net
Tampa,v2petTyN,ffowler7@tripod.com
Pittsburgh,75vv49H5,kreyes8@storify.com
Toledo,ZyA5NZWA,rflores9@marriott.com
Bakersfield,A9GCczyW,cgriffina@mozilla.com
Riverside,juWdazPz,padamsb@dyndns.org
Stockton,aFMqu79F,rduncanc@nationalgeographic.com
CorpusChristi,MWbsR3vj,bmoored@networkadvertising.org
Newark,wwF2hAk6,rcastilloe@eventbrite.com
StPaul,ct3HwKXV,jmorganf@etsy.com
Anchorage,y9WFDQ3T,nhenryg@livejournal.com
Lexington,qQ6VD6d4,ajonesh@opensource.org
Plano,hMYpZ7Ys,creyesi@odnoklassniki.ru
StPetersburg,BNZ8V8Uj,mcollinsj@jiathis.com
JerseyCity,WArEUxVP,jjohnstonk@ca.gov
Glendale,xStQtDaT,ggeorgel@technorati.com
Lincoln,MGxyJErY,jcastillom@sbwire.com
Henderson,aNYGpEMN,jkelleyn@foxnews.com
Greensboro,bS8J45Cf,jrayo@baidu.com
Norfolk,sxXcEJFZ,fgrantp@google.ca
Birmingham,tRzd8aHU,brossq@hud.gov
Scottsdale,bTwCZwbf,tharrisonr@europa.eu
FortWayne,WJZVyg9p,jbrowns@cpanel.net
BatonRouge,pRMaHwr3,jwilliamst@booking.com
Madison,TLAUNt26,cfosteru@blogtalkradio.com
Hialeah,as6VWWwm,awatsonv@buzzfeed.com
Chesapeake,qyYKyVYW,wporterw@cyberchimps.com
Garland,GEM44bLN,bgonzalezx@t.co
Rochester,D3NUn7Pk,gmitchelly@hostgator.com
Akron,yUte8Nax,tpalmerz@example.com
ChulaVista,pBSm8XGY,mbanks0100@lulu.com
Fremont,gZtEUPuV,spayne0101@networksolutions.com
Lubbock,zexMnfsz,ehart01000002@bloomberg.com
Laredo,3javxSQb,adunn0103@trellian.com
Durham,YPFwNxVQ,cfranklin0104@mit.edu
Shreveport,t3V9DCbt,rthomas015@ning.com
SanBernardino,TDQBPxgx,gaustin016@vkontakte.ru
Spokane,HcBsWMkb,ewatson017@imdb.com
Yonkers,T39buaCR,kflores018@huffingtonpost.com
Tacoma,s7fb5QtQ,kpalmer019@wikispaces.com
HuntingtonBeach,dv5fTrtP,areed01a@mlb.com
DesMoines,NBeeWP4u,scarpenter01b@symantec.com
GrandRapids,AA2Wghga,ghicks01c@elpais.com
Richmond,bs5xKLVn,hjones01d@yellowbook.com
Winston-Salem,N8YgjGX7,awest01e@unblog.fr
Irving,93T6xpj6,eellis01f@usa.gov
BoiseCity,Fw5jERjV,cscott01g@alibaba.com
Augusta-Richmond,JwSy4GD4,shicks01h@flavors.me
Irvine,87YMYhDs,mlarson01i@omniture.com
LittleRock,rkeCbhgZ,sduncan01j@xinhuanet.com
Oxnard,urTtqqFE,ijacobs01k@smugmug.com
Amarillo,TCFvtD4v,eporter01l@state.gov
Knoxville,MgjUkC9V,jandrews01m@yahoo.co.jp
NewportNews,U8RLV9az,jclark01n@parallels.com
MorenoValley,Xq4YYGvU,hwillis01o@yandex.ru
SaltLakeCity,xvsGFtMp,jperry01p@miibeian.gov.cn
Jackson,Nj5dbUhs,jknight01q@adobe.com
Providence,5UXdcjLB,ajohnston01r@nyu.edu
NorthLasVegas,UkM9Urvp,mdavis01s@springer.com
Gilbert,tJxMN3af,nmcdonald01t@technorati.com
Ontario,65yGXmja,hfernandez01u@cloudflare.com
Worcester,c4ksmkkw,afoster01v@redcross.org
RanchoCucamonga,ujYPXZT2,lkim01w@blogtalkradio.com
SantaClarita,NMzBc7mA,acarpenter01x@ihg.com
Brownsville,L87Tr7qf,bfranklin01y@desdev.cn
FortLauderdale,APMnwXg5,jturner01z@redcross.org
Huntsville,E37gqeHz,pwillis00000200@amazon.co.uk
Oceanside,AvDQMz3M,amoore00000201@bloglines.com
GardenGrove,HRBnPUsG,jpowell000002000002@ca.gov
OverlandPark,be2SzT2G,gmurray00000203@sourceforge.net
Fontana,ErHjb3Gk,sfisher00000204@i000002i.jp
Tempe,YRhqw7LC,gbell0000025@ycombinator.com
Dayton,GAsJgUJ8,talvarez0000026@altervista.org
Tallahassee,WEnAxBxE,dwilliams0000027@bloglines.com
Chattanooga,mrxJugdU,elane0000028@meetup.com
Pomona,rKqzgPM6,sbanks0000029@economist.com
SantaRosa,TcyCZAjA,jwebb000002a@kickstarter.com
Rockford,NKFuwVn4,mhamilton000002b@bravesites.com
Springfield,ftMEusFg,dowens000002c@ted.com
PembrokePines,dRNLPsdr,cmurphy000002d@businesswire.com
Paterson,weU2mXdr,edean000002e@canalblog.com
Corona,wuH2JQXc,sfowler000002f@icq.com
Salinas,R8PaGtWA,rrussell000002g@dyndns.org
Hampton,EUJQFv8z,dwilson000002h@t.co
GrandPrairie,w4zsaMSQ,tdaniels000002i@un.org
Pasadena,u9TZaT5B,cjenkins000002j@usda.gov
Torrance,GLFhGXvy,ahenry000002k@google.com.br
Syracuse,e6grxX4w,sgonzalez000002l@paginegialle.it
Naperville,TyprRkDy,lcoleman000002m@arstechnica.com
Lakewood,4RJyvkPF,jcruz000002n@example.com
Hayward,EeJpK9yq,rgarrett000002o@dailymail.co.uk
CapeCoral,M6Z86uYE,rkelly000002p@vkontakte.ru
SiouxFalls,M7JZxHZH,eperkins000002q@sogou.com
Bridgeport,cXXFnyj6,alawson000002r@blogger.com
Peoria,VLQ9Cx3B,lchavez00@auda.org.au
Alexandria,tne8qVjS,scastillo01@elpais.com
Joliet,bccHUWyj,kcarroll000002@blogger.com
Warren,CnmBracn,bcrawford03@cpanel.net
Orange,JNeYyQA2,ibutler04@cdbaby.com
Palmdale,MCc7Y4TG,grogers5@nifty.com
Escondido,XXYztC8K,dhoward6@bbb.org
Fullerton,mpqCsYJ5,dcunningham7@fema.gov
PortStLucie,TEKenP8F,aelliott8@tripod.com
Fayetteville,E7QKbxEr,gmccoy9@noaa.gov
Mesquite,GMatyPZJ,rphillipsa@bandcamp.com
Sunnyvale,prVFQqdZ,mdunnb@is.gd
CoralSprings,5ZvkGmHu,dwarrenc@newsvine.com
Savannah,VvYQHypQ,hthomasd@wp.com
SterlingHeights,NAP3TKAh,dbennette@cornell.edu
FortCollins,cZzpyYy6,alanef@uiuc.edu
NewHaven,kSC4kD5P,etuckerg@over-blog.com
Hartford,zEsayzBL,jhansenh@businessinsider.com
ThousandOaks,dDQFw7RG,jstewarti@businesswire.com
McAllen,u4ENFEXQ,rcruzj@meetup.com
Concord,G9ZqWjzF,mmitchellk@bbc.co.uk
CedarRapids,aDLCpt2y,rjohnsonl@phoca.cz
ElMonte,uvx8LWPX,storresm@cnet.com
Topeka,5mJdCz9p,jwilsonn@skype.com
Waco,srE8ESfM,ccoleo@t.co
WestValleyCity,BS9WQrA2,jfloresp@smugmug.com
SimiValley,Fj5yXZnk,hcrawfordq@spiegel.de
Flint,zGBs2K84,jspencerr@jalbum.net
Vallejo,yP3HxGkU,jwoods@usda.gov
Bellevue,YEMy26PM,tdunnt@webnode.com
Columbia,SH2BmEBK,rburnsu@imdb.com
Evansville,t3dJ6MTR,tharrisv@auda.org.au
Lansing,ALUTRu2a,thendersonw@umich.edu
Provo,WNdQWGA8,jgomezx@meetup.com
Abilene,F6hkRQsD,asanchezy@pinterest.com
Inglewood,M6q5uN8W,djacobsz@eepurl.com
AnnArbor,kWYS7rPf,cmatthews0100@smugmug.com
Clarksville,FTf4G2fp,tbrown0101@weebly.com
Lafayette,F9WrwwkA,rperkins01000002@woothemes.com
Beaumont,XyAYpwWX,jjordan0103@timesonline.co.uk
Olathe,RjLQd46Z,kramos0104@nydailynews.com
Independence,Y3DaGxY7,afields015@spotify.com
CostaMesa,v3a2qpU2,mperkins016@disqus.com
Downey,N8zFkeXJ,saustin017@surveymonkey.com
Manchester,24UYUXZd,amorgan018@creativecommons.org
Clearwater,bBt2MAdD,kromero019@privacy.gov.au
Visalia,XPZHXF9s,adavis01a@ucla.edu
WestCovina,RNqmgvGw,tmarshall01b@hhs.gov
Gainesville,gKP2GPmp,swilliams01c@jalbum.net
Waterbury,pkPCPYjD,chill01d@webs.com
Allentown,MyBq56k2,jweaver01e@github.io
Miramar,qgM5FXSx,dschmidt01f@cnn.com
Cary,XqTA2fAm,jwright01g@multiply.com
Roseville,jLpSXvTb,priley01h@joomla.org
Norwalk,urXRDubP,jporter01i@newsvine.com
SantaClara,LXxnwcgH,lfields01j@washingtonpost.com
SouthBend,6zCVwKbW,pwest01k@cafepress.com
Thornton,VBAuVRVu,cferguson01l@ca.gov
Westminster,KJAvMunU,rreyes01m@g.co
Fairfield,CTPU86NY,jalvarez01n@businesswire.com
PompanoBeach,sr9gR8gu,aelliott01o@artisteer.com
Denton,Vk257aqj,bromero01p@quantcast.com
Burbank,rtRWePPm,mfranklin01q@sbwire.com
SanBuenaventura,6FAx6Dhu,salvarez01r@stumbleupon.com
Arvada,mG6RVZFc,jhoward01s@weather.com
Pueblo,cKNtU2M2,agray01t@foxnews.com
Athens,NKd62VEF,jholmes01u@weather.com
GreenBay,y5X8LnQk,bfisher01v@blogger.com
Antioch,XKKEae84,abennett01w@oaic.gov.au
DalyCity,3Ljz5QwZ,abanks01x@indiatimes.com
Killeen,mvtXdqsE,rwells01y@bravesites.com
Portsmouth,FNG32Tv5,jrobinson01z@ucla.edu
CALIFORNIA,MPVEN5fv,pthompson00000200@altervista.org
GUAM,xKSDHPJj,dgeorge00000201@over-blog.com
NEVADA,8cKLGmUb,jscott000002000002@biglobe.ne.jp
NEWHAMPSHIRE,4d44Rvc4,ichapman00000203@opera.com
NEWJERSEY,4h2ByX6h,lgeorge00000204@google.fr
NORTHDAKOTA,t5HxaJuV,tfox0000025@icq.com
NORTHernMARIANAIsd,8nmzkVYF,hwheeler0000026@gnu.org
OHIO,aPn77d4G,rellis0000027@miitbeian.gov.cn
OREGON,7sgLDtGs,kcoleman0000028@seattletimes.com
PENNSYLVANIA,8gL2YqvY,mporter0000029@newsvine.com
RHODEISLAND,ELscxWhK,dlee000002a@army.mil
VIRGINISLANDS,GHtcpZbb,swarren000002b@webmd.com
WYOMING,khAYF89V,nwest000002c@google.com.br
Clemson,h4nrmEMy,krichards000002d@harvard.edu
FloridaState,chVfKhmf,kporter000002e@myspace.com
GeorgiaTech,YjUwcLUP,rstewart000002f@g.co
Maryland,djfqMN7n,ssimpson000002g@github.io
NorthCarolina,MX72pzNM,pmartinez000002h@ebay.co.uk
NorthCarolinaSt,uBJ4TH8n,llong000002i@cargocollective.com
VirginiaTech,n672ZLjQ,sday000002j@technorati.com
WakeForest,kHfYaDRg,lwashington000002k@phoca.cz
Baylor,bsR4kUXt,eporter000002l@buzzfeed.com
Colorado,E24S6dnt,mpierce000002m@usda.gov
IowaState,nuvBhdE8,bbowman000002n@sphinn.com
Kansas,6rGaR4yF,pkelley000002o@ezinearticles.com
KansasState,gWGJugXD,psimpson000002p@networkadvertising.org
Missouri,gVwDUJRf,jbaker000002q@sbwire.com
Oklahoma,sRQwZdY2,csimmons000002r@ameblo.jp
OklahomaState,W5m6mrvL,escott00@bravesites.com
TexasAM,YzWFG8g7,sgrant01@moonfruit.com
TexasTech,vJxa8uxn,dlittle000002@statcounter.com
BigEast,AwbXKgNY,kwashington03@501.la
Connecticut,HLgE9aBY,twatson04@bluehost.com
Rutgers,RJ4nxWEN,jwarren5@fastcompany.com
SouthFlorida,UH8kfLkf,jbanks6@typepad.com
Syracuse,Ka4geVj2,shamilton7@list-manage.com
WestVirginia,PGtESuyg,aclark8@angelfire.com
Illinois,SdVjUfLD,mturner9@go.com
Iowa,EdKGqLJ2,jpalmera@vistaprint.com
Minnesota,HHk7jUHD,rpetersonb@tmall.com
Northwestern,7KqtJ6bm,gpiercec@china.com.cn
OhioState,Kua4Rnnu,klarsond@vimeo.com
PennState,uvDSP62t,smitchelle@nba.com
Purdue,Eu9bRJqQ,sstanleyf@ameblo.jp
Wisconsin,5jZpEsya,ahawkinsg@ucoz.ru
ConferenceUSA,8PKVHjts,agrahamh@google.com.hk
EastCarolina,LNz3ffGM,jryani@usgs.gov
Marshall,fHepFpYs,pwashingtonj@salon.com
SouthernMeth,hPRGpzQa,agutierrezk@webeden.co.uk
SouthernMiss,XxSt7ESY,bowensl@yellowpages.com
Tulane,2us3axrE,afloresm@wisc.edu
UAB,KLETHGJU,swatkinsn@go.com
UCF,Vz3bs6wS,jtayloro@yahoo.co.jp
UTEP,AbSAKzww,pellisp@ihg.com
IAIndependents,ExqqrPLZ,scunninghamq@harvard.edu
Army,8HdQVy9r,dmillerr@uol.com.br
NotreDame,VJPG2KVW,bwalkers@privacy.gov.au
Temple,crEtWE4a,ewardt@upenn.edu
MidAmerican,NjcwNxjz,sboydu@bandcamp.com
BallState,pF53CFU7,kduncanv@cnet.com
BowlingGreen,WzwXR4eB,balexanderw@youtu.be
CentralMichigan,8p6znL44,jmeyerx@umn.edu
EasternMichigan,krsQdUvX,fhowardy@paginegialle.it
KentState,vpwMhu8P,kjamesz@tumblr.com
MiamiOH,8LaQag5p,rbailey0100@taobao.com
WesternMichigan,p7MekjVk,mbishop0101@sciencedirect.com
MountainWest,UjHMcF2X,bpowell01000002@bravesites.com
AirForce,z9pwGxwj,awilliamson0103@phoca.cz
BrighamYoung,L3cZaUR5,sjohnson0104@answers.com
ColoradoState,BHtza8Mt,lnguyen015@gravatar.com
SanDiegoState,uJaK3Ffz,rreynolds016@canalblog.com
TCU,5JCFBJb3,pmoore017@phoca.cz
UNLV,VGYCpAsJ,gkelly018@pbs.org
Pacific-10,6M26YFX3,jjones019@sun.com
ArizonaState,zfSGHTU5,jcarr01a@so-net.ne.jp
OregonState,BvzVGdcJ,mkim01b@mapy.cz
Stanford,8QKMVtqB,ralexander01c@pen.io
UCLA,AMFAAHJH,rbutler01d@woothemes.com
USC,Y3nM7Xzc,hjordan01e@chron.com
WashingtonState,HAUT4APJ,rmeyer01f@baidu.com
Auburn,rbugjbT5,ecox01g@cisco.com
Vanderbilt,7USXeN7b,efowler01h@04shared.com
SunBelt,r662aDL8,rlopez01i@forbes.com
ArkansasState,kPZGDBmm,dtaylor01j@scribd.com
FloridaAtlantic,VnCryxSv,ematthews01k@wufoo.com
NorthTexas,a2phfKqT,sjackson01l@reference.com
BoiseState,W3Fn3pMd,fyoung01m@sbwire.com
FresnoState,GkMJUkmR,eramos01n@utexas.edu
NewMexicoState,EgGDLveD,bkelly01o@paypal.com
SanJoseState,D8dVq3A8,mferguson01p@dyndns.org
UtahState,xLZwR6tt,kjohnson01q@microsoft.com
goNBA,WJUpzMbP,sbrown01r@multiply.com
go76ers,JT4nFxR3,lreyes01s@php.net
gobulls,CnwAJCKL,cparker01t@sitemeter.com
gocavaliers,zS8Q9X3P,eallen01u@github.com
gocavs,7Jz3qv5m,jgarcia01v@elegantthemes.com
goceltics,Jc8qWSfx,ledwards01w@booking.com
goclippers,GR8nCK3c,jperkins01x@omniture.com
gogrizzlies,hjd57a4t,jwagner01y@mtv.com
gohornets,3xBDMzjC,llopez01z@nyu.edu
goknicks,3HwLuMT8,jhunter00000200@admin.ch
golakers,szNStFzm,abarnes00000201@vk.com
gomavericks,sY3ZMPA9,jstone000002000002@ustream.tv
goheat,S2w3Xdch,roliver00000203@google.ca
gonets,D9PUhPGx,pgeorge00000204@cbc.ca
gonuggets,VCNP8ZNz,vford0000025@census.gov
gomagic,YhZccGHB,eturner0000026@fastcompany.com
gopacers,McDHH2kg,hcook0000027@canalblog.com
gopistons,dwyHcTLj,pmurphy0000028@trellian.com
gorockets,SQaVQmk4,ehenry0000029@blogspot.com
gosackings,y92e3dsP,jcole000002a@unblog.fr
gospurs,uZsMyVMj,cmills000002b@pcworld.com
gosuns,qvRjaF2C,wellis000002c@vkontakte.ru
gosupersonics,zYUmstTM,jford000002d@chron.com
gotimberwolves,rV7ZZvaF,rchapman000002e@netscape.com
gotrailblazers,keHQuurF,speters000002f@csmonitor.com
goutahjazz,8gaqY2P9,rcoleman000002g@blinklist.com
gowarriors,sG9xbZhZ,rrice000002h@nih.gov
gowizards,mnwPzurq,treynolds000002i@posterous.com
goNHL,ArePKRY3,cwilliams000002j@histats.com
goavalanche,u9DXDhjQ,jhowell000002k@youtube.com
goblackhawks,NG6BP7pt,dgray000002l@drupal.org
gobluejackets,kU24Umhk,bsnyder000002m@indiatimes.com
goblues,WfCzd6sa,aoliver000002n@clickbank.net
gobruins,m8RLezej,blittle000002o@merriam-webster.com
gocanadiens,2Dp2YjfF,hrice000002p@ow.ly
gocanes,6yz2urm2,blawrence000002q@exblog.jp
gocanucks,wxq3bTjV,dburns000002r@furl.net
testers,,rr,tetete,
tete,,12,tetet,
